{"cameraMode":{"drawMode":0,"name":"Shaded","section":"Shading Mode"},"sceneLighting":false,"audioPlay":false,"sceneViewState":{"showFog":true,"showMaterialUpdate":false,"showSkybox":false,"showFlares":true,"showImageEffects":true,"showParticleSystems":true},"in2DMode":false,"pivot":{"x":2.384185791015625e-7,"y":0.0,"z":-0.44106805324554446},"rotation":{"x":-0.16425402462482453,"y":0.45431727170944216,"z":-0.08563435077667237,"w":-0.8713850975036621},"size":10.079354286193848,"orthographic":false}